Total Nacional;Comunidades y Ciudades Autonomas;Titular de la vivienda;Periodo;Total
Total Nacional;;Total;2023;13151
Total Nacional;;Total;2022;17132
Total Nacional;;Total;2021;20694
Total Nacional;;Total;2020;18920
Total Nacional;;Total;2019;27488
Total Nacional;;Total;2018;26247
Total Nacional;;Total;2017;27719
Total Nacional;;Total;2016;41288
Total Nacional;;Total;2015;60032
Total Nacional;;Total;2014;70422
Total Nacional;;Persona fisica;2023;11369
Total Nacional;;Persona fisica;2022;14343
Total Nacional;;Persona fisica;2021;15138
Total Nacional;;Persona fisica;2020;9692
Total Nacional;;Persona fisica;2019;7382
Total Nacional;;Persona fisica;2018;9041
Total Nacional;;Persona fisica;2017;14422
Total Nacional;;Persona fisica;2016;27189
Total Nacional;;Persona fisica;2015;39151
Total Nacional;;Persona fisica;2014;44939
Total Nacional;;Persona juridica;2023;1782
Total Nacional;;Persona juridica;2022;2789
Total Nacional;;Persona juridica;2021;5556
Total Nacional;;Persona juridica;2020;9228
Total Nacional;;Persona juridica;2019;20106
Total Nacional;;Persona juridica;2018;17206
Total Nacional;;Persona juridica;2017;13297
Total Nacional;;Persona juridica;2016;14099
Total Nacional;;Persona juridica;2015;20881
Total Nacional;;Persona juridica;2014;25483
Total Nacional;01 Andalucia;Total;2023;3439
Total Nacional;01 Andalucia;Total;2022;4504
Total Nacional;01 Andalucia;Total;2021;4757
Total Nacional;01 Andalucia;Total;2020;3653
Total Nacional;01 Andalucia;Total;2019;5848
Total Nacional;01 Andalucia;Total;2018;5204
Total Nacional;01 Andalucia;Total;2017;7777
Total Nacional;01 Andalucia;Total;2016;11575
Total Nacional;01 Andalucia;Total;2015;16246
Total Nacional;01 Andalucia;Total;2014;16469
Total Nacional;01 Andalucia;Persona fisica;2023;2863
Total Nacional;01 Andalucia;Persona fisica;2022;3745
Total Nacional;01 Andalucia;Persona fisica;2021;3674
Total Nacional;01 Andalucia;Persona fisica;2020;2013
Total Nacional;01 Andalucia;Persona fisica;2019;1802
Total Nacional;01 Andalucia;Persona fisica;2018;2513
Total Nacional;01 Andalucia;Persona fisica;2017;4409
Total Nacional;01 Andalucia;Persona fisica;2016;7604
Total Nacional;01 Andalucia;Persona fisica;2015;9941
Total Nacional;01 Andalucia;Persona fisica;2014;8755
Total Nacional;01 Andalucia;Persona juridica;2023;576
Total Nacional;01 Andalucia;Persona juridica;2022;759
Total Nacional;01 Andalucia;Persona juridica;2021;1083
Total Nacional;01 Andalucia;Persona juridica;2020;1640
Total Nacional;01 Andalucia;Persona juridica;2019;4046
Total Nacional;01 Andalucia;Persona juridica;2018;2691
Total Nacional;01 Andalucia;Persona juridica;2017;3368
Total Nacional;01 Andalucia;Persona juridica;2016;3971
Total Nacional;01 Andalucia;Persona juridica;2015;6305
Total Nacional;01 Andalucia;Persona juridica;2014;7714
Total Nacional;02 Aragon;Total;2023;203
Total Nacional;02 Aragon;Total;2022;356
Total Nacional;02 Aragon;Total;2021;404
Total Nacional;02 Aragon;Total;2020;383
Total Nacional;02 Aragon;Total;2019;467
Total Nacional;02 Aragon;Total;2018;492
Total Nacional;02 Aragon;Total;2017;529
Total Nacional;02 Aragon;Total;2016;924
Total Nacional;02 Aragon;Total;2015;1287
Total Nacional;02 Aragon;Total;2014;1487
Total Nacional;02 Aragon;Persona fisica;2023;173
Total Nacional;02 Aragon;Persona fisica;2022;255
Total Nacional;02 Aragon;Persona fisica;2021;310
Total Nacional;02 Aragon;Persona fisica;2020;277
Total Nacional;02 Aragon;Persona fisica;2019;217
Total Nacional;02 Aragon;Persona fisica;2018;121
Total Nacional;02 Aragon;Persona fisica;2017;286
Total Nacional;02 Aragon;Persona fisica;2016;729
Total Nacional;02 Aragon;Persona fisica;2015;826
Total Nacional;02 Aragon;Persona fisica;2014;951
Total Nacional;02 Aragon;Persona juridica;2023;30
Total Nacional;02 Aragon;Persona juridica;2022;101
Total Nacional;02 Aragon;Persona juridica;2021;94
Total Nacional;02 Aragon;Persona juridica;2020;106
Total Nacional;02 Aragon;Persona juridica;2019;250
Total Nacional;02 Aragon;Persona juridica;2018;371
Total Nacional;02 Aragon;Persona juridica;2017;243
Total Nacional;02 Aragon;Persona juridica;2016;195
Total Nacional;02 Aragon;Persona juridica;2015;461
Total Nacional;02 Aragon;Persona juridica;2014;536
Total Nacional;03 Asturias, Principado de;Total;2023;173
Total Nacional;03 Asturias, Principado de;Total;2022;251
Total Nacional;03 Asturias, Principado de;Total;2021;337
Total Nacional;03 Asturias, Principado de;Total;2020;299
Total Nacional;03 Asturias, Principado de;Total;2019;335
Total Nacional;03 Asturias, Principado de;Total;2018;474
Total Nacional;03 Asturias, Principado de;Total;2017;286
Total Nacional;03 Asturias, Principado de;Total;2016;394
Total Nacional;03 Asturias, Principado de;Total;2015;603
Total Nacional;03 Asturias, Principado de;Total;2014;574
Total Nacional;03 Asturias, Principado de;Persona fisica;2023;159
Total Nacional;03 Asturias, Principado de;Persona fisica;2022;206
Total Nacional;03 Asturias, Principado de;Persona fisica;2021;246
Total Nacional;03 Asturias, Principado de;Persona fisica;2020;205
Total Nacional;03 Asturias, Principado de;Persona fisica;2019;140
Total Nacional;03 Asturias, Principado de;Persona fisica;2018;225
Total Nacional;03 Asturias, Principado de;Persona fisica;2017;207
Total Nacional;03 Asturias, Principado de;Persona fisica;2016;298
Total Nacional;03 Asturias, Principado de;Persona fisica;2015;412
Total Nacional;03 Asturias, Principado de;Persona fisica;2014;433
Total Nacional;03 Asturias, Principado de;Persona juridica;2023;14
Total Nacional;03 Asturias, Principado de;Persona juridica;2022;45
Total Nacional;03 Asturias, Principado de;Persona juridica;2021;91
Total Nacional;03 Asturias, Principado de;Persona juridica;2020;94
Total Nacional;03 Asturias, Principado de;Persona juridica;2019;195
Total Nacional;03 Asturias, Principado de;Persona juridica;2018;249
Total Nacional;03 Asturias, Principado de;Persona juridica;2017;79
Total Nacional;03 Asturias, Principado de;Persona juridica;2016;96
Total Nacional;03 Asturias, Principado de;Persona juridica;2015;191
Total Nacional;03 Asturias, Principado de;Persona juridica;2014;141
Total Nacional;04 Balears, Illes;Total;2023;169
Total Nacional;04 Balears, Illes;Total;2022;323
Total Nacional;04 Balears, Illes;Total;2021;224
Total Nacional;04 Balears, Illes;Total;2020;371
Total Nacional;04 Balears, Illes;Total;2019;411
Total Nacional;04 Balears, Illes;Total;2018;395
Total Nacional;04 Balears, Illes;Total;2017;514
Total Nacional;04 Balears, Illes;Total;2016;753
Total Nacional;04 Balears, Illes;Total;2015;1328
Total Nacional;04 Balears, Illes;Total;2014;1941
Total Nacional;04 Balears, Illes;Persona fisica;2023;125
Total Nacional;04 Balears, Illes;Persona fisica;2022;179
Total Nacional;04 Balears, Illes;Persona fisica;2021;170
Total Nacional;04 Balears, Illes;Persona fisica;2020;140
Total Nacional;04 Balears, Illes;Persona fisica;2019;139
Total Nacional;04 Balears, Illes;Persona fisica;2018;162
Total Nacional;04 Balears, Illes;Persona fisica;2017;383
Total Nacional;04 Balears, Illes;Persona fisica;2016;621
Total Nacional;04 Balears, Illes;Persona fisica;2015;994
Total Nacional;04 Balears, Illes;Persona fisica;2014;1199
Total Nacional;04 Balears, Illes;Persona juridica;2023;44
Total Nacional;04 Balears, Illes;Persona juridica;2022;144
Total Nacional;04 Balears, Illes;Persona juridica;2021;54
Total Nacional;04 Balears, Illes;Persona juridica;2020;231
Total Nacional;04 Balears, Illes;Persona juridica;2019;272
Total Nacional;04 Balears, Illes;Persona juridica;2018;233
Total Nacional;04 Balears, Illes;Persona juridica;2017;131
Total Nacional;04 Balears, Illes;Persona juridica;2016;132
Total Nacional;04 Balears, Illes;Persona juridica;2015;334
Total Nacional;04 Balears, Illes;Persona juridica;2014;742
Total Nacional;05 Canarias;Total;2023;490
Total Nacional;05 Canarias;Total;2022;616
Total Nacional;05 Canarias;Total;2021;910
Total Nacional;05 Canarias;Total;2020;597
Total Nacional;05 Canarias;Total;2019;639
Total Nacional;05 Canarias;Total;2018;1404
Total Nacional;05 Canarias;Total;2017;1349
Total Nacional;05 Canarias;Total;2016;2012
Total Nacional;05 Canarias;Total;2015;3021
Total Nacional;05 Canarias;Total;2014;4888
Total Nacional;05 Canarias;Persona fisica;2023;426
Total Nacional;05 Canarias;Persona fisica;2022;492
Total Nacional;05 Canarias;Persona fisica;2021;548
Total Nacional;05 Canarias;Persona fisica;2020;295
Total Nacional;05 Canarias;Persona fisica;2019;267
Total Nacional;05 Canarias;Persona fisica;2018;519
Total Nacional;05 Canarias;Persona fisica;2017;799
Total Nacional;05 Canarias;Persona fisica;2016;1100
Total Nacional;05 Canarias;Persona fisica;2015;1824
Total Nacional;05 Canarias;Persona fisica;2014;1981
Total Nacional;05 Canarias;Persona juridica;2023;64
Total Nacional;05 Canarias;Persona juridica;2022;124
Total Nacional;05 Canarias;Persona juridica;2021;362
Total Nacional;05 Canarias;Persona juridica;2020;302
Total Nacional;05 Canarias;Persona juridica;2019;372
Total Nacional;05 Canarias;Persona juridica;2018;885
Total Nacional;05 Canarias;Persona juridica;2017;550
Total Nacional;05 Canarias;Persona juridica;2016;912
Total Nacional;05 Canarias;Persona juridica;2015;1197
Total Nacional;05 Canarias;Persona juridica;2014;2907
Total Nacional;06 Cantabria;Total;2023;92
Total Nacional;06 Cantabria;Total;2022;128
Total Nacional;06 Cantabria;Total;2021;169
Total Nacional;06 Cantabria;Total;2020;491
Total Nacional;06 Cantabria;Total;2019;372
Total Nacional;06 Cantabria;Total;2018;433
Total Nacional;06 Cantabria;Total;2017;222
Total Nacional;06 Cantabria;Total;2016;406
Total Nacional;06 Cantabria;Total;2015;405
Total Nacional;06 Cantabria;Total;2014;516
Total Nacional;06 Cantabria;Persona fisica;2023;86
Total Nacional;06 Cantabria;Persona fisica;2022;121
Total Nacional;06 Cantabria;Persona fisica;2021;144
Total Nacional;06 Cantabria;Persona fisica;2020;114
Total Nacional;06 Cantabria;Persona fisica;2019;124
Total Nacional;06 Cantabria;Persona fisica;2018;97
Total Nacional;06 Cantabria;Persona fisica;2017;88
Total Nacional;06 Cantabria;Persona fisica;2016;154
Total Nacional;06 Cantabria;Persona fisica;2015;249
Total Nacional;06 Cantabria;Persona fisica;2014;230
Total Nacional;06 Cantabria;Persona juridica;2023;6
Total Nacional;06 Cantabria;Persona juridica;2022;7
Total Nacional;06 Cantabria;Persona juridica;2021;25
Total Nacional;06 Cantabria;Persona juridica;2020;377
Total Nacional;06 Cantabria;Persona juridica;2019;248
Total Nacional;06 Cantabria;Persona juridica;2018;336
Total Nacional;06 Cantabria;Persona juridica;2017;134
Total Nacional;06 Cantabria;Persona juridica;2016;252
Total Nacional;06 Cantabria;Persona juridica;2015;156
Total Nacional;06 Cantabria;Persona juridica;2014;286
Total Nacional;08 Castilla - La Mancha;Total;2023;523
Total Nacional;08 Castilla - La Mancha;Total;2022;696
Total Nacional;08 Castilla - La Mancha;Total;2021;1041
Total Nacional;08 Castilla - La Mancha;Total;2020;822
Total Nacional;08 Castilla - La Mancha;Total;2019;1714
Total Nacional;08 Castilla - La Mancha;Total;2018;1472
Total Nacional;08 Castilla - La Mancha;Total;2017;1012
Total Nacional;08 Castilla - La Mancha;Total;2016;1553
Total Nacional;08 Castilla - La Mancha;Total;2015;2548
Total Nacional;08 Castilla - La Mancha;Total;2014;4024
Total Nacional;08 Castilla - La Mancha;Persona fisica;2023;460
Total Nacional;08 Castilla - La Mancha;Persona fisica;2022;626
Total Nacional;08 Castilla - La Mancha;Persona fisica;2021;705
Total Nacional;08 Castilla - La Mancha;Persona fisica;2020;418
Total Nacional;08 Castilla - La Mancha;Persona fisica;2019;377
Total Nacional;08 Castilla - La Mancha;Persona fisica;2018;353
Total Nacional;08 Castilla - La Mancha;Persona fisica;2017;639
Total Nacional;08 Castilla - La Mancha;Persona fisica;2016;1097
Total Nacional;08 Castilla - La Mancha;Persona fisica;2015;1586
Total Nacional;08 Castilla - La Mancha;Persona fisica;2014;2241
Total Nacional;08 Castilla - La Mancha;Persona juridica;2023;63
Total Nacional;08 Castilla - La Mancha;Persona juridica;2022;70
Total Nacional;08 Castilla - La Mancha;Persona juridica;2021;336
Total Nacional;08 Castilla - La Mancha;Persona juridica;2020;404
Total Nacional;08 Castilla - La Mancha;Persona juridica;2019;1337
Total Nacional;08 Castilla - La Mancha;Persona juridica;2018;1119
Total Nacional;08 Castilla - La Mancha;Persona juridica;2017;373
Total Nacional;08 Castilla - La Mancha;Persona juridica;2016;456
Total Nacional;08 Castilla - La Mancha;Persona juridica;2015;962
Total Nacional;08 Castilla - La Mancha;Persona juridica;2014;1783
Total Nacional;07 Castilla y Leon;Total;2023;303
Total Nacional;07 Castilla y Leon;Total;2022;390
Total Nacional;07 Castilla y Leon;Total;2021;419
Total Nacional;07 Castilla y Leon;Total;2020;574
Total Nacional;07 Castilla y Leon;Total;2019;795
Total Nacional;07 Castilla y Leon;Total;2018;857
Total Nacional;07 Castilla y Leon;Total;2017;739
Total Nacional;07 Castilla y Leon;Total;2016;1015
Total Nacional;07 Castilla y Leon;Total;2015;1907
Total Nacional;07 Castilla y Leon;Total;2014;2675
Total Nacional;07 Castilla y Leon;Persona fisica;2023;217
Total Nacional;07 Castilla y Leon;Persona fisica;2022;295
Total Nacional;07 Castilla y Leon;Persona fisica;2021;333
Total Nacional;07 Castilla y Leon;Persona fisica;2020;275
Total Nacional;07 Castilla y Leon;Persona fisica;2019;253
Total Nacional;07 Castilla y Leon;Persona fisica;2018;323
Total Nacional;07 Castilla y Leon;Persona fisica;2017;346
Total Nacional;07 Castilla y Leon;Persona fisica;2016;549
Total Nacional;07 Castilla y Leon;Persona fisica;2015;1009
Total Nacional;07 Castilla y Leon;Persona fisica;2014;1600
Total Nacional;07 Castilla y Leon;Persona juridica;2023;86
Total Nacional;07 Castilla y Leon;Persona juridica;2022;95
Total Nacional;07 Castilla y Leon;Persona juridica;2021;86
Total Nacional;07 Castilla y Leon;Persona juridica;2020;299
Total Nacional;07 Castilla y Leon;Persona juridica;2019;542
Total Nacional;07 Castilla y Leon;Persona juridica;2018;534
Total Nacional;07 Castilla y Leon;Persona juridica;2017;393
Total Nacional;07 Castilla y Leon;Persona juridica;2016;466
Total Nacional;07 Castilla y Leon;Persona juridica;2015;898
Total Nacional;07 Castilla y Leon;Persona juridica;2014;1075
Total Nacional;09 Cataluña;Total;2023;2740
Total Nacional;09 Cataluña;Total;2022;3149
Total Nacional;09 Cataluña;Total;2021;3735
Total Nacional;09 Cataluña;Total;2020;3545
Total Nacional;09 Cataluña;Total;2019;5927
Total Nacional;09 Cataluña;Total;2018;4688
Total Nacional;09 Cataluña;Total;2017;4372
Total Nacional;09 Cataluña;Total;2016;6991
Total Nacional;09 Cataluña;Total;2015;11110
Total Nacional;09 Cataluña;Total;2014;14347
Total Nacional;09 Cataluña;Persona fisica;2023;2320
Total Nacional;09 Cataluña;Persona fisica;2022;2627
Total Nacional;09 Cataluña;Persona fisica;2021;2940
Total Nacional;09 Cataluña;Persona fisica;2020;2089
Total Nacional;09 Cataluña;Persona fisica;2019;1408
Total Nacional;09 Cataluña;Persona fisica;2018;1641
Total Nacional;09 Cataluña;Persona fisica;2017;2335
Total Nacional;09 Cataluña;Persona fisica;2016;5001
Total Nacional;09 Cataluña;Persona fisica;2015;7341
Total Nacional;09 Cataluña;Persona fisica;2014;10803
Total Nacional;09 Cataluña;Persona juridica;2023;420
Total Nacional;09 Cataluña;Persona juridica;2022;522
Total Nacional;09 Cataluña;Persona juridica;2021;795
Total Nacional;09 Cataluña;Persona juridica;2020;1456
Total Nacional;09 Cataluña;Persona juridica;2019;4519
Total Nacional;09 Cataluña;Persona juridica;2018;3047
Total Nacional;09 Cataluña;Persona juridica;2017;2037
Total Nacional;09 Cataluña;Persona juridica;2016;1990
Total Nacional;09 Cataluña;Persona juridica;2015;3769
Total Nacional;09 Cataluña;Persona juridica;2014;3544
Total Nacional;10 Comunitat Valenciana;Total;2023;2497
Total Nacional;10 Comunitat Valenciana;Total;2022;3388
Total Nacional;10 Comunitat Valenciana;Total;2021;4559
Total Nacional;10 Comunitat Valenciana;Total;2020;4526
Total Nacional;10 Comunitat Valenciana;Total;2019;5390
Total Nacional;10 Comunitat Valenciana;Total;2018;5407
Total Nacional;10 Comunitat Valenciana;Total;2017;5332
Total Nacional;10 Comunitat Valenciana;Total;2016;7549
Total Nacional;10 Comunitat Valenciana;Total;2015;10714
Total Nacional;10 Comunitat Valenciana;Total;2014;11160
Total Nacional;10 Comunitat Valenciana;Persona fisica;2023;2239
Total Nacional;10 Comunitat Valenciana;Persona fisica;2022;2885
Total Nacional;10 Comunitat Valenciana;Persona fisica;2021;2878
Total Nacional;10 Comunitat Valenciana;Persona fisica;2020;1909
Total Nacional;10 Comunitat Valenciana;Persona fisica;2019;1195
Total Nacional;10 Comunitat Valenciana;Persona fisica;2018;1474
Total Nacional;10 Comunitat Valenciana;Persona fisica;2017;2147
Total Nacional;10 Comunitat Valenciana;Persona fisica;2016;4448
Total Nacional;10 Comunitat Valenciana;Persona fisica;2015;7459
Total Nacional;10 Comunitat Valenciana;Persona fisica;2014;8208
Total Nacional;10 Comunitat Valenciana;Persona juridica;2023;258
Total Nacional;10 Comunitat Valenciana;Persona juridica;2022;503
Total Nacional;10 Comunitat Valenciana;Persona juridica;2021;1681
Total Nacional;10 Comunitat Valenciana;Persona juridica;2020;2617
Total Nacional;10 Comunitat Valenciana;Persona juridica;2019;4195
Total Nacional;10 Comunitat Valenciana;Persona juridica;2018;3933
Total Nacional;10 Comunitat Valenciana;Persona juridica;2017;3185
Total Nacional;10 Comunitat Valenciana;Persona juridica;2016;3101
Total Nacional;10 Comunitat Valenciana;Persona juridica;2015;3255
Total Nacional;10 Comunitat Valenciana;Persona juridica;2014;2952
Total Nacional;11 Extremadura;Total;2023;153
Total Nacional;11 Extremadura;Total;2022;215
Total Nacional;11 Extremadura;Total;2021;245
Total Nacional;11 Extremadura;Total;2020;158
Total Nacional;11 Extremadura;Total;2019;412
Total Nacional;11 Extremadura;Total;2018;467
Total Nacional;11 Extremadura;Total;2017;312
Total Nacional;11 Extremadura;Total;2016;521
Total Nacional;11 Extremadura;Total;2015;828
Total Nacional;11 Extremadura;Total;2014;1363
Total Nacional;11 Extremadura;Persona fisica;2023;146
Total Nacional;11 Extremadura;Persona fisica;2022;189
Total Nacional;11 Extremadura;Persona fisica;2021;173
Total Nacional;11 Extremadura;Persona fisica;2020;132
Total Nacional;11 Extremadura;Persona fisica;2019;167
Total Nacional;11 Extremadura;Persona fisica;2018;233
Total Nacional;11 Extremadura;Persona fisica;2017;222
Total Nacional;11 Extremadura;Persona fisica;2016;427
Total Nacional;11 Extremadura;Persona fisica;2015;612
Total Nacional;11 Extremadura;Persona fisica;2014;820
Total Nacional;11 Extremadura;Persona juridica;2023;7
Total Nacional;11 Extremadura;Persona juridica;2022;26
Total Nacional;11 Extremadura;Persona juridica;2021;72
Total Nacional;11 Extremadura;Persona juridica;2020;26
Total Nacional;11 Extremadura;Persona juridica;2019;245
Total Nacional;11 Extremadura;Persona juridica;2018;234
Total Nacional;11 Extremadura;Persona juridica;2017;90
Total Nacional;11 Extremadura;Persona juridica;2016;94
Total Nacional;11 Extremadura;Persona juridica;2015;216
Total Nacional;11 Extremadura;Persona juridica;2014;543
Total Nacional;12 Galicia;Total;2023;289
Total Nacional;12 Galicia;Total;2022;465
Total Nacional;12 Galicia;Total;2021;663
Total Nacional;12 Galicia;Total;2020;773
Total Nacional;12 Galicia;Total;2019;1368
Total Nacional;12 Galicia;Total;2018;1071
Total Nacional;12 Galicia;Total;2017;780
Total Nacional;12 Galicia;Total;2016;711
Total Nacional;12 Galicia;Total;2015;1226
Total Nacional;12 Galicia;Total;2014;1751
Total Nacional;12 Galicia;Persona fisica;2023;263
Total Nacional;12 Galicia;Persona fisica;2022;334
Total Nacional;12 Galicia;Persona fisica;2021;322
Total Nacional;12 Galicia;Persona fisica;2020;252
Total Nacional;12 Galicia;Persona fisica;2019;258
Total Nacional;12 Galicia;Persona fisica;2018;275
Total Nacional;12 Galicia;Persona fisica;2017;328
Total Nacional;12 Galicia;Persona fisica;2016;440
Total Nacional;12 Galicia;Persona fisica;2015;754
Total Nacional;12 Galicia;Persona fisica;2014;1070
Total Nacional;12 Galicia;Persona juridica;2023;26
Total Nacional;12 Galicia;Persona juridica;2022;131
Total Nacional;12 Galicia;Persona juridica;2021;341
Total Nacional;12 Galicia;Persona juridica;2020;521
Total Nacional;12 Galicia;Persona juridica;2019;1110
Total Nacional;12 Galicia;Persona juridica;2018;796
Total Nacional;12 Galicia;Persona juridica;2017;452
Total Nacional;12 Galicia;Persona juridica;2016;271
Total Nacional;12 Galicia;Persona juridica;2015;472
Total Nacional;12 Galicia;Persona juridica;2014;681
Total Nacional;13 Madrid, Comunidad de;Total;2023;1185
Total Nacional;13 Madrid, Comunidad de;Total;2022;1455
Total Nacional;13 Madrid, Comunidad de;Total;2021;1750
Total Nacional;13 Madrid, Comunidad de;Total;2020;1286
Total Nacional;13 Madrid, Comunidad de;Total;2019;1466
Total Nacional;13 Madrid, Comunidad de;Total;2018;1646
Total Nacional;13 Madrid, Comunidad de;Total;2017;2305
Total Nacional;13 Madrid, Comunidad de;Total;2016;3511
Total Nacional;13 Madrid, Comunidad de;Total;2015;4250
Total Nacional;13 Madrid, Comunidad de;Total;2014;4424
Total Nacional;13 Madrid, Comunidad de;Persona fisica;2023;1087
Total Nacional;13 Madrid, Comunidad de;Persona fisica;2022;1289
Total Nacional;13 Madrid, Comunidad de;Persona fisica;2021;1440
Total Nacional;13 Madrid, Comunidad de;Persona fisica;2020;876
Total Nacional;13 Madrid, Comunidad de;Persona fisica;2019;651
Total Nacional;13 Madrid, Comunidad de;Persona fisica;2018;591
Total Nacional;13 Madrid, Comunidad de;Persona fisica;2017;1239
Total Nacional;13 Madrid, Comunidad de;Persona fisica;2016;2328
Total Nacional;13 Madrid, Comunidad de;Persona fisica;2015;3319
Total Nacional;13 Madrid, Comunidad de;Persona fisica;2014;3531
Total Nacional;13 Madrid, Comunidad de;Persona juridica;2023;98
Total Nacional;13 Madrid, Comunidad de;Persona juridica;2022;166
Total Nacional;13 Madrid, Comunidad de;Persona juridica;2021;310
Total Nacional;13 Madrid, Comunidad de;Persona juridica;2020;410
Total Nacional;13 Madrid, Comunidad de;Persona juridica;2019;815
Total Nacional;13 Madrid, Comunidad de;Persona juridica;2018;1055
Total Nacional;13 Madrid, Comunidad de;Persona juridica;2017;1066
Total Nacional;13 Madrid, Comunidad de;Persona juridica;2016;1183
Total Nacional;13 Madrid, Comunidad de;Persona juridica;2015;931
Total Nacional;13 Madrid, Comunidad de;Persona juridica;2014;893
Total Nacional;14 Murcia, Region de;Total;2023;554
Total Nacional;14 Murcia, Region de;Total;2022;806
Total Nacional;14 Murcia, Region de;Total;2021;984
Total Nacional;14 Murcia, Region de;Total;2020;1077
Total Nacional;14 Murcia, Region de;Total;2019;2055
Total Nacional;14 Murcia, Region de;Total;2018;1453
Total Nacional;14 Murcia, Region de;Total;2017;1639
Total Nacional;14 Murcia, Region de;Total;2016;2585
Total Nacional;14 Murcia, Region de;Total;2015;3612
Total Nacional;14 Murcia, Region de;Total;2014;3709
Total Nacional;14 Murcia, Region de;Persona fisica;2023;502
Total Nacional;14 Murcia, Region de;Persona fisica;2022;738
Total Nacional;14 Murcia, Region de;Persona fisica;2021;809
Total Nacional;14 Murcia, Region de;Persona fisica;2020;433
Total Nacional;14 Murcia, Region de;Persona fisica;2019;244
Total Nacional;14 Murcia, Region de;Persona fisica;2018;322
Total Nacional;14 Murcia, Region de;Persona fisica;2017;579
Total Nacional;14 Murcia, Region de;Persona fisica;2016;1795
Total Nacional;14 Murcia, Region de;Persona fisica;2015;2038
Total Nacional;14 Murcia, Region de;Persona fisica;2014;2353
Total Nacional;14 Murcia, Region de;Persona juridica;2023;52
Total Nacional;14 Murcia, Region de;Persona juridica;2022;68
Total Nacional;14 Murcia, Region de;Persona juridica;2021;175
Total Nacional;14 Murcia, Region de;Persona juridica;2020;644
Total Nacional;14 Murcia, Region de;Persona juridica;2019;1811
Total Nacional;14 Murcia, Region de;Persona juridica;2018;1131
Total Nacional;14 Murcia, Region de;Persona juridica;2017;1060
Total Nacional;14 Murcia, Region de;Persona juridica;2016;790
Total Nacional;14 Murcia, Region de;Persona juridica;2015;1574
Total Nacional;14 Murcia, Region de;Persona juridica;2014;1356
Total Nacional;15 Navarra, Comunidad Foral de;Total;2023;55
Total Nacional;15 Navarra, Comunidad Foral de;Total;2022;83
Total Nacional;15 Navarra, Comunidad Foral de;Total;2021;88
Total Nacional;15 Navarra, Comunidad Foral de;Total;2020;65
Total Nacional;15 Navarra, Comunidad Foral de;Total;2019;54
Total Nacional;15 Navarra, Comunidad Foral de;Total;2018;175
Total Nacional;15 Navarra, Comunidad Foral de;Total;2017;129
Total Nacional;15 Navarra, Comunidad Foral de;Total;2016;233
Total Nacional;15 Navarra, Comunidad Foral de;Total;2015;340
Total Nacional;15 Navarra, Comunidad Foral de;Total;2014;363
Total Nacional;15 Navarra, Comunidad Foral de;Persona fisica;2023;55
Total Nacional;15 Navarra, Comunidad Foral de;Persona fisica;2022;75
Total Nacional;15 Navarra, Comunidad Foral de;Persona fisica;2021;85
Total Nacional;15 Navarra, Comunidad Foral de;Persona fisica;2020;56
Total Nacional;15 Navarra, Comunidad Foral de;Persona fisica;2019;33
Total Nacional;15 Navarra, Comunidad Foral de;Persona fisica;2018;51
Total Nacional;15 Navarra, Comunidad Foral de;Persona fisica;2017;99
Total Nacional;15 Navarra, Comunidad Foral de;Persona fisica;2016;209
Total Nacional;15 Navarra, Comunidad Foral de;Persona fisica;2015;296
Total Nacional;15 Navarra, Comunidad Foral de;Persona fisica;2014;311
Total Nacional;15 Navarra, Comunidad Foral de;Persona juridica;2023;0
Total Nacional;15 Navarra, Comunidad Foral de;Persona juridica;2022;8
Total Nacional;15 Navarra, Comunidad Foral de;Persona juridica;2021;3
Total Nacional;15 Navarra, Comunidad Foral de;Persona juridica;2020;9
Total Nacional;15 Navarra, Comunidad Foral de;Persona juridica;2019;21
Total Nacional;15 Navarra, Comunidad Foral de;Persona juridica;2018;124
Total Nacional;15 Navarra, Comunidad Foral de;Persona juridica;2017;30
Total Nacional;15 Navarra, Comunidad Foral de;Persona juridica;2016;24
Total Nacional;15 Navarra, Comunidad Foral de;Persona juridica;2015;44
Total Nacional;15 Navarra, Comunidad Foral de;Persona juridica;2014;52
Total Nacional;16 Pais Vasco;Total;2023;176
Total Nacional;16 Pais Vasco;Total;2022;188
Total Nacional;16 Pais Vasco;Total;2021;239
Total Nacional;16 Pais Vasco;Total;2020;117
Total Nacional;16 Pais Vasco;Total;2019;85
Total Nacional;16 Pais Vasco;Total;2018;101
Total Nacional;16 Pais Vasco;Total;2017;197
Total Nacional;16 Pais Vasco;Total;2016;229
Total Nacional;16 Pais Vasco;Total;2015;297
Total Nacional;16 Pais Vasco;Total;2014;358
Total Nacional;16 Pais Vasco;Persona fisica;2023;154
Total Nacional;16 Pais Vasco;Persona fisica;2022;183
Total Nacional;16 Pais Vasco;Persona fisica;2021;225
Total Nacional;16 Pais Vasco;Persona fisica;2020;113
Total Nacional;16 Pais Vasco;Persona fisica;2019;72
Total Nacional;16 Pais Vasco;Persona fisica;2018;89
Total Nacional;16 Pais Vasco;Persona fisica;2017;170
Total Nacional;16 Pais Vasco;Persona fisica;2016;193
Total Nacional;16 Pais Vasco;Persona fisica;2015;261
Total Nacional;16 Pais Vasco;Persona fisica;2014;267
Total Nacional;16 Pais Vasco;Persona juridica;2023;22
Total Nacional;16 Pais Vasco;Persona juridica;2022;5
Total Nacional;16 Pais Vasco;Persona juridica;2021;14
Total Nacional;16 Pais Vasco;Persona juridica;2020;4
Total Nacional;16 Pais Vasco;Persona juridica;2019;13
Total Nacional;16 Pais Vasco;Persona juridica;2018;12
Total Nacional;16 Pais Vasco;Persona juridica;2017;27
Total Nacional;16 Pais Vasco;Persona juridica;2016;36
Total Nacional;16 Pais Vasco;Persona juridica;2015;36
Total Nacional;16 Pais Vasco;Persona juridica;2014;91
Total Nacional;17 Rioja, La;Total;2023;100
Total Nacional;17 Rioja, La;Total;2022;108
Total Nacional;17 Rioja, La;Total;2021;136
Total Nacional;17 Rioja, La;Total;2020;154
Total Nacional;17 Rioja, La;Total;2019;143
Total Nacional;17 Rioja, La;Total;2018;495
Total Nacional;17 Rioja, La;Total;2017;165
Total Nacional;17 Rioja, La;Total;2016;284
Total Nacional;17 Rioja, La;Total;2015;272
Total Nacional;17 Rioja, La;Total;2014;333
Total Nacional;17 Rioja, La;Persona fisica;2023;84
Total Nacional;17 Rioja, La;Persona fisica;2022;96
Total Nacional;17 Rioja, La;Persona fisica;2021;121
Total Nacional;17 Rioja, La;Persona fisica;2020;92
Total Nacional;17 Rioja, La;Persona fisica;2019;29
Total Nacional;17 Rioja, La;Persona fisica;2018;40
Total Nacional;17 Rioja, La;Persona fisica;2017;110
Total Nacional;17 Rioja, La;Persona fisica;2016;171
Total Nacional;17 Rioja, La;Persona fisica;2015;212
Total Nacional;17 Rioja, La;Persona fisica;2014;162
Total Nacional;17 Rioja, La;Persona juridica;2023;16
Total Nacional;17 Rioja, La;Persona juridica;2022;12
Total Nacional;17 Rioja, La;Persona juridica;2021;15
Total Nacional;17 Rioja, La;Persona juridica;2020;62
Total Nacional;17 Rioja, La;Persona juridica;2019;114
Total Nacional;17 Rioja, La;Persona juridica;2018;455
Total Nacional;17 Rioja, La;Persona juridica;2017;55
Total Nacional;17 Rioja, La;Persona juridica;2016;113
Total Nacional;17 Rioja, La;Persona juridica;2015;60
Total Nacional;17 Rioja, La;Persona juridica;2014;171
Total Nacional;18 Ceuta;Total;2023;7
Total Nacional;18 Ceuta;Total;2022;9
Total Nacional;18 Ceuta;Total;2021;30
Total Nacional;18 Ceuta;Total;2020;25
Total Nacional;18 Ceuta;Total;2019;2
Total Nacional;18 Ceuta;Total;2018;6
Total Nacional;18 Ceuta;Total;2017;47
Total Nacional;18 Ceuta;Total;2016;12
Total Nacional;18 Ceuta;Total;2015;17
Total Nacional;18 Ceuta;Total;2014;32
Total Nacional;18 Ceuta;Persona fisica;2023;7
Total Nacional;18 Ceuta;Persona fisica;2022;6
Total Nacional;18 Ceuta;Persona fisica;2021;11
Total Nacional;18 Ceuta;Persona fisica;2020;1
Total Nacional;18 Ceuta;Persona fisica;2019;1
Total Nacional;18 Ceuta;Persona fisica;2018;5
Total Nacional;18 Ceuta;Persona fisica;2017;25
Total Nacional;18 Ceuta;Persona fisica;2016;8
Total Nacional;18 Ceuta;Persona fisica;2015;13
Total Nacional;18 Ceuta;Persona fisica;2014;16
Total Nacional;18 Ceuta;Persona juridica;2023;0
Total Nacional;18 Ceuta;Persona juridica;2022;3
Total Nacional;18 Ceuta;Persona juridica;2021;19
Total Nacional;18 Ceuta;Persona juridica;2020;24
Total Nacional;18 Ceuta;Persona juridica;2019;1
Total Nacional;18 Ceuta;Persona juridica;2018;1
Total Nacional;18 Ceuta;Persona juridica;2017;22
Total Nacional;18 Ceuta;Persona juridica;2016;4
Total Nacional;18 Ceuta;Persona juridica;2015;4
Total Nacional;18 Ceuta;Persona juridica;2014;16
Total Nacional;19 Melilla;Total;2023;3
Total Nacional;19 Melilla;Total;2022;2
Total Nacional;19 Melilla;Total;2021;4
Total Nacional;19 Melilla;Total;2020;4
Total Nacional;19 Melilla;Total;2019;5
Total Nacional;19 Melilla;Total;2018;7
Total Nacional;19 Melilla;Total;2017;13
Total Nacional;19 Melilla;Total;2016;30
Total Nacional;19 Melilla;Total;2015;21
Total Nacional;19 Melilla;Total;2014;8
Total Nacional;19 Melilla;Persona fisica;2023;3
Total Nacional;19 Melilla;Persona fisica;2022;2
Total Nacional;19 Melilla;Persona fisica;2021;4
Total Nacional;19 Melilla;Persona fisica;2020;2
Total Nacional;19 Melilla;Persona fisica;2019;5
Total Nacional;19 Melilla;Persona fisica;2018;7
Total Nacional;19 Melilla;Persona fisica;2017;11
Total Nacional;19 Melilla;Persona fisica;2016;17
Total Nacional;19 Melilla;Persona fisica;2015;5
Total Nacional;19 Melilla;Persona fisica;2014;8
Total Nacional;19 Melilla;Persona juridica;2023;0
Total Nacional;19 Melilla;Persona juridica;2022;0
Total Nacional;19 Melilla;Persona juridica;2021;0
Total Nacional;19 Melilla;Persona juridica;2020;2
Total Nacional;19 Melilla;Persona juridica;2019;0
Total Nacional;19 Melilla;Persona juridica;2018;0
Total Nacional;19 Melilla;Persona juridica;2017;2
Total Nacional;19 Melilla;Persona juridica;2016;13
Total Nacional;19 Melilla;Persona juridica;2015;16
Total Nacional;19 Melilla;Persona juridica;2014;0
